Date,Open,High,Low,Close,Volume
2013-10-21,2.0,7.8,2.0,6.0,17781
2013-10-22,6.47,6.78,5.81,6.12,3700
2013-10-23,5.9,6.25,5.84,6.25,2200
2013-10-24,6.5,6.5,5.86,5.86,6420
2013-10-25,5.85,5.87,5.7,5.8,3675
2013-10-28,6.0,6.0,6.0,6.0,100
2013-10-29,6.43,6.52,6.0,6.0,2500
2013-10-30,6.75,7.01,6.0,6.0,3825
2013-11-01,5.64,5.64,5.1,5.38,400
2013-11-04,5.4,5.41,5.04,5.2,118121
2013-11-05,5.13,5.13,4.83,4.89,108427
2013-11-06,4.93,5.1,4.21,4.43,123867
2013-11-07,4.36,4.36,4.02,4.05,134667
2013-11-08,4.1,4.35,4.0,4.2,108383
2013-11-11,4.16,4.42,4.05,4.06,80595
2013-11-12,4.05,4.05,3.77,3.95,66657
2013-11-13,3.91,3.98,3.37,3.54,135745
2013-11-14,3.41,3.66,3.41,3.55,58194
2013-11-15,3.53,4.28,3.51,4.15,64229
2013-11-18,4.69,5.14,4.1,4.95,177932
2013-11-19,5.4,5.4,4.89,4.98,134523
2013-11-20,5.07,5.1,4.7,4.8,177836
2013-11-21,5.04,5.05,4.7,5.04,23377
2013-11-22,5.46,5.47,4.76,4.93,113398
2013-11-25,4.93,5.25,4.7,4.75,67306
2013-11-26,4.74,5.09,4.68,4.91,71653
2013-11-27,4.94,5.0,4.71,5.0,70190
2013-11-29,5.02,5.17,4.94,5.07,12703
2013-12-02,5.16,5.17,4.68,4.79,46782
2013-12-03,4.77,5.01,4.65,4.92,41094
2013-12-04,5.04,5.05,4.75,4.82,31755
2013-12-05,4.83,4.96,4.71,4.77,27568
2013-12-06,4.85,5.0,4.73,4.9,23115
2013-12-09,4.88,4.99,4.88,4.95,28147
2013-12-10,4.91,4.99,4.76,4.82,36411
2013-12-11,4.81,4.99,4.76,4.82,45360
2013-12-12,4.86,5.0,4.8,4.83,28171
2013-12-13,4.92,4.99,4.81,4.9,19950
2013-12-16,4.94,4.99,4.8,4.95,46599
2013-12-17,4.96,4.96,4.75,4.79,51635
2013-12-18,4.78,4.96,4.75,4.8,28212
2013-12-19,4.8,4.81,4.31,4.38,50645
2013-12-20,4.4,4.86,4.14,4.86,99114
2013-12-23,4.59,4.77,4.42,4.75,31067
2013-12-24,4.6,4.7,4.5,4.68,24259
2013-12-26,4.72,4.88,4.72,4.75,20834
2013-12-27,4.79,4.8,4.54,4.74,16234
2013-12-30,4.71,4.78,4.56,4.66,22713
2013-12-31,4.65,4.88,4.61,4.75,44132
2014-01-02,4.71,4.75,4.54,4.61,34125
2014-01-03,4.6,4.82,4.52,4.78,12179
2014-01-06,4.58,4.87,4.5,4.79,13018
2014-01-07,4.77,4.99,4.66,4.91,40639
2014-01-08,4.92,4.92,4.76,4.87,60358
2014-01-09,4.86,4.86,4.78,4.84,18332
2014-01-10,4.87,4.87,4.75,4.84,15390
2014-01-13,4.9,4.95,4.78,4.83,66703
2014-01-14,4.87,4.95,4.79,4.86,31448
2014-01-15,4.86,4.86,4.78,4.82,26010
2014-01-16,4.66,4.86,4.61,4.74,37128
2014-01-17,4.86,4.89,4.75,4.85,31064
2014-01-21,4.92,4.98,4.75,4.78,85284
2014-01-22,4.81,4.9,4.78,4.86,37183
2014-01-23,4.94,4.94,4.7,4.76,17062
2014-01-24,4.75,4.77,4.59,4.59,33811
2014-01-27,4.62,4.67,4.25,4.28,36273
2014-01-28,4.25,4.38,4.01,4.14,51769
2014-01-29,4.11,4.55,4.11,4.34,36705
2014-01-30,4.4,4.54,4.36,4.48,29857
2014-01-31,4.4,4.4,4.04,4.09,21219
2014-02-03,4.09,4.09,3.9,3.91,27882
2014-02-04,3.9,3.96,3.82,3.88,29362
2014-02-05,4.32,4.32,3.61,3.76,16982
2014-02-06,3.79,3.84,3.67,3.78,14995
2014-02-07,3.77,3.94,3.7,3.9,22333
2014-02-10,4.19,4.25,4.06,4.13,62406
2014-02-11,4.13,4.13,4.0,4.07,14416
2014-02-12,4.13,4.13,3.87,3.95,16590
2014-02-13,3.99,3.99,3.8,3.85,21065
2014-02-14,3.82,3.88,3.78,3.81,10667
2014-02-18,3.89,3.91,3.75,3.87,22827
2014-02-19,3.9,3.99,3.76,3.9,36570
2014-02-20,3.92,4.21,3.81,4.16,18420
2014-02-21,4.25,4.32,4.04,4.19,47192
2014-02-24,4.19,4.39,4.19,4.32,11771
2014-02-25,4.26,4.39,4.25,4.29,22369
2014-02-26,4.4,4.9,4.31,4.55,99743
2014-02-27,4.52,5.03,4.52,4.98,131894
2014-02-28,4.97,5.2,4.79,5.06,111662
2014-03-03,5.03,5.11,5.0,5.09,55858
2014-03-04,5.17,6.29,5.13,6.19,307332
2014-03-05,6.5,9.06,6.5,8.87,1066163
2014-03-06,10.0,10.0,8.12,8.7,685309
2014-03-07,9.12,9.2,8.17,8.48,429619
2014-03-10,8.48,10.3,8.34,9.9,651788
2014-03-11,10.18,10.98,8.77,9.16,603180
2014-03-12,9.08,9.65,8.6,9.51,208101
2014-03-13,9.67,9.95,9.06,9.49,147301
2014-03-14,11.49,11.58,10.11,10.69,1582260
2014-03-17,11.21,11.3,10.4,11.0,351795
2014-03-18,11.09,11.89,9.65,10.01,918361
2014-03-19,9.9,10.75,9.7,10.52,249568
2014-03-20,10.38,10.4,9.81,9.93,205877
2014-03-21,10.05,10.38,9.53,9.64,268685
2014-03-24,9.53,9.55,8.5,8.97,361369
2014-03-25,9.0,9.25,7.7,7.9,451017
2014-03-26,8.37,8.4,7.52,7.63,232588
2014-03-27,7.48,7.6,6.76,7.15,334283
2014-03-28,6.99,7.39,6.93,7.29,102116
2014-03-31,7.42,9.3,7.18,9.07,776283
2014-04-01,9.0,9.33,8.23,9.06,520501
2014-04-02,9.08,9.68,8.43,8.52,294595
2014-04-03,8.55,8.71,8.02,8.19,149425
2014-04-04,8.19,8.38,7.55,8.28,241368
2014-04-07,8.15,8.2,7.75,7.93,110245
2014-04-08,7.86,8.33,7.75,8.09,126111
2014-04-09,8.06,8.99,8.06,8.87,220173
2014-04-10,9.77,9.89,8.59,9.55,725161
2014-04-11,9.5,9.75,8.65,8.81,263074
2014-04-14,8.81,9.03,8.3,8.47,149428
2014-04-15,8.6,9.07,8.15,8.96,286922
2014-04-16,9.1,9.19,8.54,8.7,134714
2014-04-17,8.73,9.55,8.48,9.37,367164
2014-04-21,9.21,10.24,9.21,9.5,464202
2014-04-22,9.43,9.99,9.43,9.86,88136
2014-04-23,9.93,10.37,9.51,9.68,161786
2014-04-24,9.85,9.95,9.5,9.71,149411
2014-04-25,9.71,9.72,9.14,9.42,144876
2014-04-28,9.49,9.5,8.43,8.57,281427
2014-04-29,8.57,8.99,8.57,8.84,90591
2014-04-30,8.84,8.99,8.59,8.65,118254
2014-05-01,8.6,8.84,8.45,8.66,63637
2014-05-02,8.65,8.69,8.3,8.46,75093
2014-05-05,8.35,8.62,8.2,8.41,64297
2014-05-06,8.34,8.49,8.15,8.25,61935
2014-05-07,8.23,8.35,7.7,8.12,134475
2014-05-08,8.12,8.12,7.07,7.28,170157
2014-05-09,7.32,7.42,7.05,7.19,64507
2014-05-12,7.19,7.2,6.5,6.51,201267
2014-05-13,6.51,7.24,6.5,6.71,171545
2014-05-14,6.66,7.01,6.56,6.62,65524
2014-05-15,6.56,6.98,6.33,6.92,92485
2014-05-16,6.87,6.87,6.29,6.54,106962
2014-05-19,6.48,6.82,6.47,6.73,68959
2014-05-20,6.7,7.25,6.7,7.14,102295
2014-05-21,7.23,7.23,6.83,7.01,57068
2014-05-22,6.94,7.32,6.94,7.25,62114
2014-05-23,7.25,7.8,7.2,7.47,61191
2014-05-27,7.51,7.67,7.45,7.55,35977
2014-05-28,7.49,7.54,7.4,7.41,30224
2014-05-29,7.44,7.69,7.4,7.63,55409
2014-05-30,7.67,7.88,7.41,7.7,72225
2014-06-02,7.44,7.84,7.42,7.76,58287
2014-06-03,7.76,7.86,7.5,7.75,49571
2014-06-04,7.69,8.08,7.69,8.01,62661
2014-06-05,8.0,9.0,8.0,9.0,121386
2014-06-06,9.11,9.4,8.81,9.38,127640
2014-06-09,9.38,9.8,9.21,9.72,82207
2014-06-10,9.63,9.76,8.9,9.58,113844
2014-06-11,9.19,9.73,9.19,9.67,77968
2014-06-12,9.74,9.74,9.42,9.51,231533
2014-06-13,9.56,9.75,8.8,8.92,69255
2014-06-16,8.96,9.41,8.96,9.31,46741
2014-06-17,9.35,9.58,9.17,9.44,69762
2014-06-18,9.4,9.41,9.25,9.39,53295
2014-06-19,9.44,9.77,9.25,9.68,75619
2014-06-20,9.74,9.99,9.37,9.49,132375
2014-06-23,9.33,9.59,8.96,9.49,60967
2014-06-24,9.43,10.1,9.38,9.42,133543
2014-06-25,9.32,9.67,9.25,9.41,73160
2014-06-26,9.52,9.67,9.16,9.17,58699
2014-06-27,9.19,9.64,9.11,9.48,845997
2014-06-30,9.5,10.74,9.5,10.45,280506
2014-07-01,10.45,10.82,9.8,9.84,106115
2014-07-02,9.8,9.95,9.51,9.68,58119
2014-07-03,9.73,9.73,9.5,9.63,8489
2014-07-07,9.7,9.72,9.36,9.47,40958
2014-07-08,9.4,9.58,9.15,9.21,106408
2014-07-09,9.2,9.35,8.54,8.75,148382
2014-07-10,8.51,8.89,8.31,8.71,56001
2014-07-11,8.66,9.18,8.6,8.73,59575
2014-07-14,8.78,9.01,8.77,8.83,45215
2014-07-15,8.8,8.87,8.33,8.53,51031
2014-07-16,8.55,8.91,8.26,8.55,53741
2014-07-17,8.58,8.58,8.15,8.24,70337
2014-07-18,8.23,8.42,8.23,8.29,29810
2014-07-21,8.17,8.94,8.05,8.09,42965
2014-07-22,8.12,8.43,8.0,8.0,46099
2014-07-23,8.0,8.28,8.0,8.14,26539
2014-07-24,8.2,8.77,7.92,7.98,50026
2014-07-25,8.0,8.18,7.9,8.02,53289
2014-07-28,8.18,8.51,7.8,7.84,40194
2014-07-29,7.84,7.89,7.58,7.75,30102
2014-07-30,8.03,8.04,7.63,7.73,21500
2014-07-31,7.57,7.7,7.22,7.34,47369
2014-08-01,7.24,7.47,7.01,7.04,34959
2014-08-04,7.2,7.23,6.61,6.7,38624
2014-08-05,6.63,7.0,6.55,6.96,30778
2014-08-06,6.88,7.7,6.86,7.64,48388
2014-08-07,7.75,7.76,7.12,7.2,35779
2014-08-08,7.28,7.28,6.9,7.09,27726
2014-08-11,7.16,7.2,7.03,7.1,17048
2014-08-12,7.05,7.05,6.93,6.97,33351
2014-08-13,7.2,7.87,6.98,7.76,52016
2014-08-14,7.89,8.13,7.78,8.02,28727
2014-08-15,8.05,8.26,7.72,7.93,58790
2014-08-18,8.0,8.08,7.86,7.99,15465
2014-08-19,7.67,8.71,7.67,8.49,57365
2014-08-20,8.49,8.49,7.82,8.26,20663
2014-08-21,8.21,8.36,8.06,8.3,21093
2014-08-22,8.5,8.76,8.5,8.5,46327
2014-08-25,8.6,8.96,8.4,8.53,62906
2014-08-26,8.6,8.65,8.47,8.58,28103
2014-08-27,8.64,8.84,8.5,8.53,34891
2014-08-28,8.45,8.51,8.4,8.5,9445
2014-08-29,8.59,8.85,8.51,8.78,30328
2014-09-02,8.71,8.78,8.45,8.74,28522
2014-09-03,8.73,8.75,8.09,8.28,43306
2014-09-04,8.34,8.34,7.51,7.58,76505
2014-09-05,7.59,8.18,7.55,8.0,57396
2014-09-08,8.22,8.25,7.92,8.08,28387
2014-09-09,8.1,8.33,8.0,8.09,32026
2014-09-10,8.14,8.19,7.99,8.19,12288
2014-09-11,8.2,8.27,8.05,8.27,14899
2014-09-12,8.25,8.26,7.91,8.26,10354
2014-09-15,8.12,8.19,7.93,8.08,22030
2014-09-16,8.02,8.16,7.95,8.16,17766
2014-09-17,8.1,8.49,8.1,8.35,37642
2014-09-18,8.4,8.53,8.4,8.42,24715
2014-09-19,8.41,8.74,8.2,8.74,47243
2014-09-22,8.47,8.5,7.97,8.13,23737
2014-09-23,8.05,8.17,7.96,8.05,22184
2014-09-24,8.1,8.4,7.96,7.98,26462
2014-09-25,7.99,8.26,7.99,8.06,7768
2014-09-26,8.16,8.19,8.0,8.0,9576
2014-09-29,7.98,8.12,7.95,7.96,19395
2014-09-30,7.96,8.12,7.95,8.1,31981
2014-10-01,8.0,8.0,7.25,7.32,44460
2014-10-02,7.3,7.5,7.26,7.26,17925
2014-10-03,7.29,7.29,7.0,7.08,16055
2014-10-06,7.06,7.1,7.0,7.01,10897
2014-10-07,6.98,7.01,6.61,6.68,35214
2014-10-08,6.7,6.83,6.6,6.65,13391
2014-10-09,6.66,6.99,6.55,6.59,10552
2014-10-10,6.55,7.4,6.55,6.59,10752
2014-10-13,6.55,6.84,6.27,6.43,36265
2014-10-14,6.5,6.55,5.75,5.81,52407
2014-10-15,5.81,5.81,5.02,5.13,60569
2014-10-16,5.12,5.92,5.12,5.81,31330
2014-10-17,5.92,6.3,5.79,6.28,16868
2014-10-20,6.4,6.4,6.0,6.29,16478
2014-10-21,6.5,6.5,6.37,6.4,24027
2014-10-22,6.45,6.45,6.33,6.4,7493
2014-10-23,6.45,6.68,6.41,6.59,11535
2014-10-24,6.59,6.59,6.18,6.26,57608
2014-10-27,6.32,6.32,6.0,6.0,11212
2014-10-28,6.0,6.04,5.5,5.54,52081
2014-10-29,5.62,6.04,5.55,5.95,36276
2014-10-30,6.04,6.21,5.92,6.21,12613
2014-10-31,6.27,6.29,6.01,6.28,16737
2014-11-03,6.25,6.26,5.98,6.21,11596
2014-11-04,5.93,6.11,5.81,6.01,13426
2014-11-05,6.01,6.25,5.97,6.04,23689
2014-11-06,5.98,6.14,5.95,6.02,34497
2014-11-07,6.06,6.16,5.96,6.16,8094
2014-11-10,6.1,6.23,5.9,6.01,30335
2014-11-11,5.95,6.03,5.49,5.5,55400
2014-11-12,5.48,5.73,5.48,5.53,29884
2014-11-13,5.61,5.88,5.41,5.6,41959
2014-11-14,5.64,5.7,5.43,5.48,12096
2014-11-17,5.45,5.45,5.02,5.11,39923
2014-11-18,5.11,5.15,4.76,4.8,61176
2014-11-19,4.78,4.8,4.6,4.65,20994
2014-11-20,4.65,4.77,4.51,4.66,22653
2014-11-21,4.67,4.77,4.64,4.72,32842
2014-11-24,4.76,4.76,4.48,4.5,36437
2014-11-25,4.44,4.44,3.99,4.01,63426
2014-11-26,3.99,4.03,3.28,3.62,153884
2014-11-28,3.61,3.61,3.39,3.39,33135
2014-12-01,3.35,3.88,3.29,3.73,58021
2014-12-02,3.89,4.08,3.75,3.87,50620
2014-12-03,3.88,3.97,3.85,3.91,42523
2014-12-04,3.96,4.15,3.91,4.04,45019
2014-12-05,4.13,4.13,3.83,3.87,44074
2014-12-08,3.98,3.98,3.24,3.3,110415
2014-12-09,3.28,3.57,3.2,3.46,59216
2014-12-10,3.41,3.7,3.31,3.51,68964
2014-12-11,3.55,3.62,3.52,3.53,56130
2014-12-12,3.53,3.53,3.33,3.45,44169
2014-12-15,3.5,3.5,3.29,3.3,38081
2014-12-16,3.29,3.34,2.88,3.0,213300
2014-12-17,2.92,3.22,2.54,2.55,183170
2014-12-18,2.65,2.97,2.2,2.53,516062
2014-12-19,2.43,3.0,2.39,2.92,127999
2014-12-22,3.1,3.21,2.94,3.14,80062
2014-12-23,3.07,3.21,3.0,3.15,81647
2014-12-24,3.13,3.26,3.05,3.1,39849
2014-12-26,3.12,3.13,2.9,2.9,46273
2014-12-29,2.95,3.05,2.95,2.98,37757
2014-12-30,2.91,3.11,2.85,3.06,36173
2014-12-31,3.0,3.18,2.98,3.18,35993
2015-01-02,3.18,3.46,3.06,3.44,46128
2015-01-05,3.5,3.84,3.29,3.72,73296
2015-01-06,3.84,3.84,3.4,3.76,59019
2015-01-07,4.08,4.1,3.64,3.93,95924
2015-01-08,3.94,4.06,3.81,3.81,30190
2015-01-09,3.78,3.85,3.68,3.79,21531
2015-01-12,3.73,3.88,3.62,3.82,40081
2015-01-13,3.93,3.93,3.71,3.79,17263
2015-01-14,3.66,3.73,3.52,3.56,12246
2015-01-15,3.54,3.54,3.28,3.32,18552
2015-01-16,3.28,3.46,3.25,3.27,17467
2015-01-20,3.21,3.45,3.12,3.14,48994
2015-01-21,3.24,3.44,3.12,3.19,61002
2015-01-22,3.3,3.39,3.12,3.21,35642
2015-01-23,3.12,3.28,3.07,3.09,30551
2015-01-26,3.17,3.22,3.0,3.14,38790
2015-01-27,3.23,3.23,3.14,3.2,16992
2015-01-28,3.29,3.29,3.15,3.19,8814
2015-01-29,3.11,3.19,3.05,3.19,3018
2015-01-30,3.12,3.25,3.12,3.25,5400
2015-02-02,3.21,3.21,2.7,2.81,108865
2015-02-03,2.8,2.81,2.52,2.6,87689
2015-02-04,2.67,2.67,2.5,2.56,41315
2015-02-05,2.62,2.63,2.34,2.43,54591
2015-02-06,2.37,2.45,2.33,2.41,17708
2015-02-09,2.31,2.41,2.31,2.34,44925
2015-02-10,2.36,2.42,2.25,2.27,39466
2015-02-11,2.3,2.3,1.85,1.89,116150
2015-02-12,1.99,2.65,1.95,2.58,639381
2015-02-13,2.76,3.05,2.65,2.92,386168
2015-02-17,3.15,3.79,2.98,3.36,1265232
2015-02-18,3.45,3.65,3.18,3.58,410538
2015-02-19,3.38,3.67,3.34,3.58,239096
2015-02-20,3.65,3.65,3.21,3.32,195362
2015-02-23,3.1,3.18,2.93,3.04,184564
2015-02-24,2.99,3.13,2.86,3.09,121723
2015-02-25,3.15,3.37,3.1,3.32,74455
2015-02-26,3.4,3.42,3.29,3.39,96296
2015-02-27,3.41,3.86,3.24,3.67,361067
2015-03-02,3.91,4.18,3.7,4.15,403545
2015-03-03,4.2,4.36,4.1,4.14,131412
2015-03-04,4.13,4.14,3.95,4.08,78801
2015-03-05,4.0,4.22,3.98,4.14,91677
2015-03-06,4.19,4.21,4.11,4.21,61885
2015-03-09,4.27,4.34,4.2,4.32,100298
2015-03-10,4.26,4.27,3.99,4.22,114256
2015-03-11,4.25,4.43,4.1,4.19,61739
2015-03-12,4.13,4.35,4.01,4.03,45429
2015-03-13,4.05,4.27,4.05,4.09,50389
2015-03-16,4.16,4.19,3.5,3.52,145533
2015-03-17,3.52,3.7,3.51,3.69,74662
2015-03-18,3.59,4.05,3.59,3.78,85395
2015-03-19,3.92,4.04,3.71,3.81,82140
2015-03-20,3.79,3.94,3.7,3.83,36264
2015-03-23,3.84,3.84,3.6,3.72,54661
2015-03-24,3.8,3.8,3.6,3.67,50389
2015-03-25,3.68,3.68,3.38,3.39,70165
2015-03-26,3.4,3.46,3.25,3.3,54828
2015-03-27,3.27,3.29,3.08,3.15,67432
2015-03-30,3.17,3.72,3.14,3.21,60698
2015-03-31,3.23,3.27,3.1,3.25,27167
2015-04-01,3.28,3.31,3.08,3.26,49399
2015-04-02,3.3,3.34,3.1,3.25,44644
2015-04-06,3.21,3.25,3.1,3.22,30350
2015-04-07,3.19,3.39,3.15,3.39,96528
2015-04-08,3.36,3.36,3.21,3.27,26526
2015-04-09,3.27,3.3,3.23,3.26,10397
2015-04-10,3.21,3.37,3.21,3.36,51746
2015-04-13,3.41,3.83,3.38,3.47,95773
2015-04-14,3.56,3.58,3.42,3.43,47043
2015-04-15,3.49,3.49,3.34,3.38,18925
2015-04-16,3.35,3.53,3.35,3.4,19060
2015-04-17,3.22,3.32,3.22,3.29,46523
2015-04-20,3.3,3.39,3.28,3.33,60182
2015-04-21,3.33,3.38,3.22,3.22,14200
2015-04-22,3.26,3.34,3.15,3.22,70547
2015-04-23,3.18,3.2,3.09,3.11,28744
2015-04-24,3.21,3.21,3.1,3.11,16776
2015-04-27,3.14,3.14,2.89,2.94,63351
2015-04-28,2.97,3.05,2.87,2.89,44673
2015-04-29,2.85,2.94,2.8,2.89,19515
2015-04-30,2.83,2.83,2.68,2.7,40547
2015-05-01,2.68,2.69,2.58,2.63,22514
2015-05-04,2.44,2.69,2.25,2.66,65301
2015-05-05,2.55,2.67,2.41,2.45,45807
2015-05-06,2.45,2.74,2.45,2.67,100731
2015-05-07,2.6,2.73,2.47,2.54,60099
2015-05-08,2.5,2.8,2.5,2.74,93655
2015-05-11,2.82,2.95,2.75,2.77,43915
2015-05-12,2.8,2.85,2.76,2.76,15900
2015-05-13,2.75,2.8,2.6,2.61,25023
2015-05-14,2.62,2.78,2.62,2.65,20200
2015-05-15,2.64,2.65,2.5,2.53,29115
2015-05-18,2.58,2.69,2.51,2.54,43865
2015-05-19,2.5,2.67,2.5,2.56,31149
2015-05-20,2.59,2.6,2.5,2.58,29644
2015-05-21,2.58,2.58,2.35,2.35,109488
2015-05-22,2.43,2.43,2.2,2.28,61220
2015-05-26,2.28,2.28,2.18,2.2,41203
2015-05-27,2.14,2.19,1.93,1.97,126904
2015-05-28,1.92,2.33,1.92,1.97,134844
2015-05-29,2.05,2.05,1.77,1.84,275720
2015-06-01,1.85,1.9,1.62,1.67,148061
2015-06-02,1.67,1.95,1.66,1.8,212404
2015-06-03,1.96,2.06,1.92,1.95,292797
2015-06-04,2.13,2.15,1.97,2.05,194619
2015-06-05,2.09,2.1,1.9,1.93,132265
2015-06-08,1.95,1.99,1.91,1.91,92864
2015-06-09,1.95,2.0,1.85,1.85,110423
2015-06-10,1.85,1.86,1.79,1.8,97696
2015-06-11,1.75,1.8,1.64,1.67,369200
2015-06-12,1.68,1.72,1.63,1.68,139306
2015-06-15,1.63,1.68,1.63,1.66,50672
2015-06-16,1.71,1.74,1.65,1.69,232563
2015-06-17,1.72,1.75,1.51,1.56,229050
2015-06-18,1.59,1.66,1.54,1.65,74589
2015-06-19,1.69,1.69,1.59,1.67,82657
2015-06-22,1.64,1.76,1.6,1.74,98329
2015-06-23,1.68,1.75,1.68,1.69,95728
2015-06-24,1.72,1.74,1.6,1.62,42942
2015-06-25,1.63,1.7,1.63,1.63,85329
2015-06-26,1.65,1.75,1.52,1.52,234757
2015-06-29,1.52,1.54,1.36,1.39,223366
2015-06-30,1.43,1.45,1.4,1.43,129631
2015-07-01,1.46,1.5,1.41,1.42,48452
2015-07-02,1.45,1.45,1.37,1.44,73053
2015-07-06,1.36,1.41,1.36,1.38,54229
2015-07-07,1.37,1.39,1.3,1.32,122184
2015-07-08,1.31,1.36,1.3,1.31,49322
2015-07-09,1.35,1.47,1.33,1.41,95490
2015-07-10,1.43,1.45,1.39,1.42,22396
2015-07-13,1.42,1.45,1.4,1.42,54658
2015-07-14,1.43,1.43,1.37,1.37,28857
2015-07-15,1.35,1.45,1.35,1.4,36229
2015-07-16,1.49,1.52,1.42,1.49,73629
2015-07-17,1.47,1.49,1.41,1.42,42445
2015-07-20,1.42,1.44,1.34,1.37,66740
2015-07-21,1.38,1.44,1.37,1.4,28469
2015-07-22,1.36,1.4,1.36,1.39,16992
2015-07-23,1.38,1.43,1.38,1.4,28294
2015-07-24,1.38,1.43,1.38,1.42,29213
2015-07-27,1.38,1.41,1.31,1.31,96313
2015-07-28,1.31,1.36,1.2,1.2,136142
2015-07-29,1.2,1.37,1.17,1.28,82894
2015-07-30,1.32,1.42,1.22,1.28,47243
2015-07-31,1.24,1.25,1.06,1.14,235216
2015-08-03,1.12,1.12,1.05,1.11,119587
2015-08-04,1.14,1.14,1.05,1.05,90897
2015-08-05,1.02,1.06,0.9,0.95,207781
2015-08-06,0.92,0.99,0.85,0.95,195245
2015-08-07,0.96,0.99,0.91,0.94,86361
2015-08-10,0.94,0.97,0.9,0.95,90981
2015-08-11,0.95,1.02,0.88,0.9,495624
2015-08-12,0.9,0.95,0.87,0.92,65800
2015-08-13,0.9,0.96,0.9,0.92,49577
2015-08-14,0.9,0.94,0.74,0.79,211155
2015-08-17,0.79,0.87,0.63,0.64,495256
2015-08-18,0.63,0.7,0.63,0.66,265409
2015-08-19,0.63,0.66,0.59,0.59,305686
2015-08-20,0.59,0.66,0.56,0.65,150809
2015-08-21,0.65,0.79,0.64,0.78,315295
2015-08-24,0.75,0.85,0.67,0.73,193210
2015-08-25,0.84,0.89,0.82,0.85,112601
2015-08-26,0.96,0.98,0.86,0.88,142566
2015-08-27,0.88,0.94,0.88,0.9,82516
2015-08-28,0.9,1.06,0.9,1.04,141232
2015-08-31,1.07,1.73,1.04,1.4,1375285
2015-09-01,1.38,1.51,1.22,1.27,353137
2015-09-02,1.29,1.34,1.13,1.14,217725
2015-09-03,1.16,1.34,1.14,1.25,128341
2015-09-04,1.28,1.39,1.22,1.22,191372
2015-09-08,1.28,1.38,1.25,1.34,171156
2015-09-09,1.36,1.53,1.36,1.49,289053
2015-09-10,1.55,1.55,1.22,1.29,305114
2015-09-11,1.21,1.28,1.13,1.25,121736
2015-09-14,1.23,1.28,1.14,1.16,97416
2015-09-15,1.17,1.23,1.14,1.18,76788
2015-09-16,1.19,1.22,1.13,1.19,112180
2015-09-17,1.19,1.29,1.19,1.29,54066
2015-09-18,1.29,1.31,1.23,1.25,88302
2015-09-21,1.25,1.3,1.14,1.17,68424
2015-09-22,1.15,1.18,0.96,1.0,165273
2015-09-23,1.1,1.1,0.93,0.95,121763
2015-09-24,0.94,0.94,0.79,0.89,139941
2015-09-25,0.86,0.93,0.83,0.88,104404
2015-09-28,0.88,1.01,0.88,0.97,95229
2015-09-29,0.98,1.0,0.9,0.9,56319
2015-09-30,0.9,0.94,0.82,0.85,89427
2015-10-01,0.85,0.93,0.82,0.84,51970
2015-10-02,0.82,0.86,0.82,0.86,47342
2015-10-05,0.83,0.88,0.83,0.85,64970
2015-10-06,0.88,0.9,0.85,0.9,13043
2015-10-07,0.87,0.88,0.83,0.86,44162
2015-10-08,0.89,0.89,0.82,0.83,68471
2015-10-09,0.82,0.88,0.82,0.86,13845
2015-10-12,0.87,0.87,0.78,0.79,49384
2015-10-13,0.78,0.78,0.67,0.68,241750
2015-10-14,0.71,0.74,0.69,0.71,94782
2015-10-15,0.71,0.73,0.69,0.72,93323
2015-10-16,0.72,0.72,0.63,0.68,220232
2015-10-19,0.66,0.69,0.63,0.64,134693
2015-10-20,0.66,0.66,0.63,0.63,51232
2015-10-21,0.66,0.66,0.58,0.6,81425
2015-10-22,0.64,0.64,0.57,0.57,72156
2015-10-23,0.58,0.65,0.58,0.6,56296
2015-10-26,0.6,0.66,0.56,0.58,45923
2015-10-27,0.58,0.6,0.53,0.54,141732
2015-10-28,0.54,0.59,0.54,0.58,69549
2015-10-29,0.56,0.67,0.55,0.65,183141
2015-10-30,0.62,0.69,0.58,0.6,239283
2015-11-02,0.8,0.8,0.6,0.63,176273
2015-11-03,0.65,0.7,0.62,0.64,56810
2015-11-04,0.64,0.68,0.61,0.65,161375
2015-11-05,0.65,0.65,0.61,0.62,95172
2015-11-06,0.62,0.63,0.57,0.58,86310
2015-11-09,0.58,0.63,0.58,0.62,74246
2015-11-10,0.6,0.62,0.59,0.61,66897
2015-11-11,0.62,0.63,0.58,0.63,189717
2015-11-12,1.22,1.7,1.15,1.37,19486901
2015-11-13,1.43,1.49,1.2,1.26,5088862
2015-11-16,1.24,1.45,1.13,1.33,2717207
2015-11-17,1.3,1.55,1.21,1.47,1922300
2015-11-18,1.48,1.65,1.4,1.51,1716542
2015-11-19,1.81,2.25,1.58,1.67,8030601
2015-11-20,1.85,1.99,1.68,1.79,3965454
2015-11-23,1.76,1.85,1.56,1.56,1399684
2015-11-24,1.63,1.93,1.56,1.8,2508570
2015-11-25,1.85,1.85,1.71,1.76,577340
2015-11-27,1.81,2.34,1.74,2.2,2973486
2015-11-30,2.2,3.47,2.06,3.25,18386770
2015-12-01,3.14,3.17,2.78,2.92,3946966
2015-12-02,2.74,2.9,2.28,2.36,2748302
2015-12-03,2.4,2.49,2.21,2.4,737950
2015-12-04,2.32,2.4,2.11,2.2,700164
2015-12-07,2.12,2.19,2.0,2.0,498503
2015-12-08,1.96,2.48,1.9,2.37,2162112
2015-12-09,2.34,2.55,2.1,2.17,1415606
2015-12-10,2.21,2.31,2.12,2.24,416537
2015-12-11,2.24,2.3,2.02,2.09,1135674
2015-12-14,2.1,2.14,1.78,1.86,570548
2015-12-15,1.88,1.93,1.66,1.9,614954
2015-12-16,2.01,2.14,1.93,2.09,473852
2015-12-17,2.06,2.06,1.91,2.0,410083
2015-12-18,2.02,2.19,1.99,2.12,837822
2015-12-21,2.15,2.15,2.05,2.07,200704
2015-12-22,2.05,2.07,1.95,2.03,301526
2015-12-23,2.02,2.15,2.02,2.12,159166
2015-12-24,2.11,2.15,2.04,2.07,106816
2015-12-28,2.06,2.17,2.06,2.07,188303
2015-12-29,2.1,2.11,2.05,2.07,193571
2015-12-30,2.09,2.38,2.06,2.31,888576
2015-12-31,2.37,2.42,2.1,2.18,362345
2016-01-04,2.18,2.18,1.99,2.11,320212
2016-01-05,2.08,2.19,2.04,2.07,166317
2016-01-06,2.07,2.07,1.95,2.01,270740
2016-01-07,2.0,2.05,1.92,2.0,329983
2016-01-08,1.99,2.6,1.95,2.25,3389210
2016-01-11,2.23,2.55,2.17,2.34,2089920
2016-01-12,2.38,2.39,2.0,2.1,883525
2016-01-13,2.1,2.11,1.9,1.95,374795
2016-01-14,1.94,1.94,1.63,1.9,568532
2016-01-15,1.89,1.89,1.62,1.63,365680
2016-01-19,1.66,1.76,1.66,1.72,460839
2016-01-20,1.71,1.71,1.3,1.65,1078700
2016-01-21,1.62,2.03,1.53,1.98,2361889
2016-01-22,2.0,2.14,1.88,2.04,2670363
2016-01-25,2.04,2.04,1.89,1.98,1018057
2016-01-26,1.94,2.02,1.74,1.79,622713
2016-01-27,1.8,1.8,1.59,1.61,388513
2016-01-28,1.61,1.75,1.55,1.57,338030
2016-01-29,1.58,1.67,1.52,1.61,184601
2016-02-01,1.61,1.66,1.55,1.63,207861
2016-02-02,1.63,1.71,1.55,1.57,148755
2016-02-03,1.55,1.65,1.5,1.65,195690
2016-02-04,1.63,1.85,1.6,1.81,929835
2016-02-05,1.83,1.88,1.65,1.69,667042
2016-02-08,1.69,1.72,1.45,1.48,615106
2016-02-09,1.48,1.48,1.32,1.36,358089
2016-02-10,1.37,1.37,1.16,1.2,600449
2016-02-11,1.2,1.28,1.08,1.2,364982
2016-02-12,1.21,1.28,1.15,1.21,144991
2016-02-16,1.21,1.43,1.21,1.3,424328
2016-02-17,1.28,1.37,1.28,1.34,174808
2016-02-18,1.35,1.4,1.34,1.36,153953
2016-02-19,1.37,1.4,1.24,1.38,151011
2016-02-22,1.38,1.44,1.38,1.39,120672
2016-02-23,1.4,1.41,1.29,1.31,108269
2016-02-24,1.3,1.36,1.26,1.34,112397
2016-02-25,1.37,1.4,1.34,1.39,77636
2016-02-26,1.4,1.43,1.38,1.43,92148
2016-02-29,1.44,1.44,1.35,1.35,92169
2016-03-01,1.37,1.37,1.3,1.33,81750
2016-03-02,1.32,1.41,1.3,1.39,82278
2016-03-03,1.4,1.67,1.38,1.58,601272
2016-03-04,1.61,1.65,1.54,1.61,245679
2016-03-07,1.62,1.64,1.49,1.6,109983
2016-03-08,1.57,1.62,1.5,1.5,101377
2016-03-09,1.5,1.58,1.5,1.56,47894
2016-03-10,1.59,1.65,1.51,1.64,218568
2016-03-11,1.67,1.88,1.65,1.84,563002
2016-03-14,1.84,2.0,1.84,1.9,310820
2016-03-15,1.9,1.93,1.71,1.84,273212
2016-03-16,1.85,1.92,1.84,1.9,88755
2016-03-17,1.92,1.94,1.75,1.88,180236
2016-03-18,1.65,1.78,1.65,1.7,286879
2016-03-21,1.71,1.79,1.65,1.71,102343
2016-03-22,1.67,1.77,1.67,1.69,73148
2016-03-23,1.7,1.75,1.65,1.65,103280
2016-03-24,1.65,1.65,1.6,1.62,67741
2016-03-28,1.63,1.63,1.5,1.56,134192
2016-03-29,1.57,1.59,1.52,1.55,41656
2016-03-30,1.56,1.67,1.55,1.65,92894
2016-03-31,1.66,1.84,1.62,1.79,251003
2016-04-01,2.16,2.16,1.79,1.82,108491
2016-04-04,1.81,1.95,1.75,1.86,121854
2016-04-05,1.84,1.95,1.8,1.94,142130
2016-04-06,1.9,1.95,1.86,1.9,150778
2016-04-07,1.91,2.02,1.88,1.88,181366
2016-04-08,1.88,1.95,1.85,1.9,49485
2016-04-11,1.88,1.95,1.86,1.88,54793
2016-04-12,1.9,1.9,1.85,1.88,37289
2016-04-13,1.88,1.9,1.82,1.83,34055
2016-04-14,1.81,1.86,1.81,1.86,101877
2016-04-15,1.88,1.88,1.8,1.8,66186
2016-04-18,1.81,1.85,1.7,1.73,114157
2016-04-19,1.72,1.74,1.61,1.67,147575
2016-04-20,1.64,1.77,1.6,1.75,66830
2016-04-21,1.76,1.87,1.72,1.82,132958
2016-04-22,1.83,1.88,1.75,1.78,123162
2016-04-25,1.79,1.88,1.76,1.81,38416
2016-04-26,1.8,1.84,1.7,1.79,41309
2016-04-27,1.78,1.94,1.78,1.88,120654
2016-04-28,1.89,1.97,1.82,1.95,108008
2016-04-29,1.96,2.29,1.93,2.13,406873
2016-05-02,2.13,2.29,2.13,2.26,172948
2016-05-03,2.27,2.57,2.22,2.5,576160
2016-05-04,2.57,2.59,2.3,2.4,228668
2016-05-05,2.42,2.45,2.1,2.28,224505
2016-05-06,2.23,2.35,2.15,2.22,113410
2016-05-09,2.14,2.35,2.14,2.28,139431
2016-05-10,2.28,2.42,2.17,2.29,164947
2016-05-11,2.31,2.32,2.13,2.24,243390
2016-05-12,2.85,2.86,1.86,1.89,2088023
2016-05-13,1.91,2.05,1.56,1.71,592755
2016-05-16,1.6,1.82,1.4,1.65,598532
2016-05-17,1.63,1.66,1.54,1.57,295943
2016-05-18,1.55,1.56,1.46,1.49,249473
2016-05-19,1.47,1.48,1.31,1.41,258909
2016-05-20,1.38,1.57,1.38,1.51,220106
2016-05-23,1.43,1.59,1.43,1.57,140831
2016-05-24,1.54,1.59,1.46,1.5,141887
2016-05-25,1.5,1.5,1.44,1.45,246605
2016-05-26,1.44,1.52,1.4,1.49,149586
2016-05-27,1.49,1.5,1.4,1.41,194124
2016-05-31,1.41,1.5,1.4,1.41,163800
2016-06-01,1.42,1.45,1.35,1.36,202420
2016-06-02,1.36,1.38,1.31,1.35,182116
2016-06-03,1.39,1.39,1.31,1.34,121709
2016-06-06,1.37,1.37,1.31,1.33,174770
2016-06-07,1.31,1.35,1.25,1.3,183200
2016-06-08,1.32,1.32,1.25,1.25,121092
2016-06-09,1.25,1.28,1.15,1.16,250496
2016-06-10,1.13,1.18,1.08,1.16,162644
2016-06-13,1.15,1.25,1.1,1.22,410307
2016-06-14,1.22,1.27,1.12,1.16,216305
2016-06-15,1.15,1.18,1.12,1.15,110122
2016-06-16,1.14,1.18,1.14,1.17,102702
2016-06-17,1.17,1.2,1.11,1.11,183171
2016-06-20,1.12,1.15,1.01,1.05,209303
2016-06-21,1.05,1.1,0.92,1.08,360394
2016-06-22,1.07,1.16,1.07,1.13,178421
2016-06-23,1.15,1.2,1.06,1.1,199030
2016-06-24,1.02,1.09,1.0,1.04,94466
2016-06-27,1.04,1.05,1.0,1.03,80727
2016-06-28,1.04,1.25,1.02,1.13,284012
2016-06-29,1.15,1.15,1.05,1.07,196758
2016-06-30,1.07,1.15,1.07,1.14,133558
2016-07-01,1.15,1.2,1.14,1.15,109095
2016-07-05,1.14,1.15,1.14,1.14,48082
2016-07-06,1.14,1.17,1.1,1.11,71513
